,Nama File,true_classes,Predicted_classes
0,loh-59-_JPG.rf.5b46d5bf8984688f9adf780ca99d5d70 - Copy (2).jpg,0,0
1,loh-59-_JPG.rf.5b46d5bf8984688f9adf780ca99d5d70 - Copy (3).jpg,0,0
2,loh-59-_JPG.rf.5b46d5bf8984688f9adf780ca99d5d70 - Copy.jpg,0,0
3,loh-59-_JPG.rf.5b46d5bf8984688f9adf780ca99d5d70.jpg,0,0
4,loh-59-_JPG.rf.ea6ea9cec07d5698f91beca90484b66c - Copy (2).jpg,0,0
5,loh-59-_JPG.rf.ea6ea9cec07d5698f91beca90484b66c - Copy (3).jpg,0,0
6,loh-59-_JPG.rf.ea6ea9cec07d5698f91beca90484b66c - Copy.jpg,0,0
7,loh-59-_JPG.rf.ea6ea9cec07d5698f91beca90484b66c.jpg,0,0
8,loh-59-_JPG.rf.f0933a5ab26fca605019b3d18eda73b1 - Copy (2).jpg,0,0
9,loh-59-_JPG.rf.f0933a5ab26fca605019b3d18eda73b1 - Copy (3).jpg,0,0
10,loh-59-_JPG.rf.f0933a5ab26fca605019b3d18eda73b1 - Copy.jpg,0,0
11,loh-59-_JPG.rf.f0933a5ab26fca605019b3d18eda73b1.jpg,0,0
12,loh-60-_JPG.rf.2739a8eabb731c6a907a820673968047 - Copy (2).jpg,0,0
13,loh-60-_JPG.rf.2739a8eabb731c6a907a820673968047 - Copy (3).jpg,0,0
14,loh-60-_JPG.rf.2739a8eabb731c6a907a820673968047 - Copy.jpg,0,0
15,loh-60-_JPG.rf.2739a8eabb731c6a907a820673968047.jpg,0,0
16,loh-60-_JPG.rf.4b7c288aec01deea3c59541dc327b81d - Copy (2).jpg,0,0
17,loh-60-_JPG.rf.4b7c288aec01deea3c59541dc327b81d - Copy (3).jpg,0,0
18,loh-60-_JPG.rf.4b7c288aec01deea3c59541dc327b81d - Copy.jpg,0,0
19,loh-60-_JPG.rf.4b7c288aec01deea3c59541dc327b81d.jpg,0,0
20,loh-60-_JPG.rf.75dab0392c9eefaf4a5d80fee465a29e - Copy (2).jpg,0,0
21,loh-60-_JPG.rf.75dab0392c9eefaf4a5d80fee465a29e - Copy (3).jpg,0,0
22,loh-60-_JPG.rf.75dab0392c9eefaf4a5d80fee465a29e - Copy.jpg,0,0
23,loh-60-_JPG.rf.75dab0392c9eefaf4a5d80fee465a29e.jpg,0,0
24,loh-61-_JPG.rf.3e0154072a7a201e1552630f3fa00771 - Copy (2).jpg,0,0
25,loh-61-_JPG.rf.3e0154072a7a201e1552630f3fa00771 - Copy (3).jpg,0,0
26,loh-61-_JPG.rf.3e0154072a7a201e1552630f3fa00771 - Copy.jpg,0,0
27,loh-61-_JPG.rf.3e0154072a7a201e1552630f3fa00771.jpg,0,0
28,loh-61-_JPG.rf.9ca80ccb3e36764c8b7b8ec05ca8d159 - Copy (2).jpg,0,0
29,loh-61-_JPG.rf.9ca80ccb3e36764c8b7b8ec05ca8d159 - Copy (3).jpg,0,0
30,loh-61-_JPG.rf.9ca80ccb3e36764c8b7b8ec05ca8d159 - Copy.jpg,0,0
31,loh-61-_JPG.rf.9ca80ccb3e36764c8b7b8ec05ca8d159.jpg,0,0
32,loh-61-_JPG.rf.b8122b468b0c5aec12103b213db0de66 - Copy (2).jpg,0,0
33,loh-61-_JPG.rf.b8122b468b0c5aec12103b213db0de66 - Copy (3).jpg,0,0
34,loh-61-_JPG.rf.b8122b468b0c5aec12103b213db0de66 - Copy.jpg,0,0
35,loh-61-_JPG.rf.b8122b468b0c5aec12103b213db0de66.jpg,0,0
36,loh-62-_JPG.rf.83572295dcf5724d64e340deac1f5680 - Copy (2).jpg,0,0
37,loh-62-_JPG.rf.83572295dcf5724d64e340deac1f5680 - Copy (3).jpg,0,0
38,loh-62-_JPG.rf.83572295dcf5724d64e340deac1f5680 - Copy.jpg,0,0
39,loh-62-_JPG.rf.83572295dcf5724d64e340deac1f5680.jpg,0,0
40,loh-62-_JPG.rf.b523ddd766f0ad8b4ea890def343a98a - Copy (2).jpg,0,0
41,loh-62-_JPG.rf.b523ddd766f0ad8b4ea890def343a98a - Copy (3).jpg,0,0
42,loh-62-_JPG.rf.b523ddd766f0ad8b4ea890def343a98a - Copy.jpg,0,0
43,loh-62-_JPG.rf.b523ddd766f0ad8b4ea890def343a98a.jpg,0,0
44,loh-62-_JPG.rf.b91e30a0af8309bc59764d976f757ed3 - Copy (2).jpg,0,0
45,loh-62-_JPG.rf.b91e30a0af8309bc59764d976f757ed3 - Copy (3).jpg,0,0
46,loh-62-_JPG.rf.b91e30a0af8309bc59764d976f757ed3 - Copy.jpg,0,0
47,loh-62-_JPG.rf.b91e30a0af8309bc59764d976f757ed3.jpg,0,0
48,loh-63-_JPG.rf.bbafd9ab6dd68d8bed4872c9f6effd61 - Copy (2).jpg,0,0
49,loh-63-_JPG.rf.bbafd9ab6dd68d8bed4872c9f6effd61 - Copy (3).jpg,0,0
50,loh-63-_JPG.rf.bbafd9ab6dd68d8bed4872c9f6effd61 - Copy.jpg,0,0
51,loh-63-_JPG.rf.bbafd9ab6dd68d8bed4872c9f6effd61.jpg,0,0
52,loh-63-_JPG.rf.c719bdf50f26246e1874277055e2bccb - Copy (2).jpg,0,0
53,loh-63-_JPG.rf.c719bdf50f26246e1874277055e2bccb - Copy (3).jpg,0,0
54,loh-63-_JPG.rf.c719bdf50f26246e1874277055e2bccb - Copy.jpg,0,0
55,loh-63-_JPG.rf.c719bdf50f26246e1874277055e2bccb.jpg,0,0
56,loh-63-_JPG.rf.d59edd13f3025573d68d93730696d845 - Copy (2).jpg,0,0
57,loh-63-_JPG.rf.d59edd13f3025573d68d93730696d845 - Copy (3).jpg,0,0
58,loh-63-_JPG.rf.d59edd13f3025573d68d93730696d845 - Copy.jpg,0,0
59,loh-63-_JPG.rf.d59edd13f3025573d68d93730696d845.jpg,0,0
60,loh-64-_JPG.rf.2c4cad41c5999fc4e936fe69e3dfeabf - Copy (2).jpg,0,0
61,loh-64-_JPG.rf.2c4cad41c5999fc4e936fe69e3dfeabf - Copy (3).jpg,0,0
62,loh-64-_JPG.rf.2c4cad41c5999fc4e936fe69e3dfeabf - Copy.jpg,0,0
63,loh-64-_JPG.rf.2c4cad41c5999fc4e936fe69e3dfeabf.jpg,0,0
64,loh-64-_JPG.rf.3351f22b96ab8333ee9c97826eb02779 - Copy (2).jpg,0,0
65,loh-64-_JPG.rf.3351f22b96ab8333ee9c97826eb02779 - Copy (3).jpg,0,0
66,loh-64-_JPG.rf.3351f22b96ab8333ee9c97826eb02779 - Copy.jpg,0,0
67,loh-64-_JPG.rf.3351f22b96ab8333ee9c97826eb02779.jpg,0,0
68,loh-64-_JPG.rf.5d91037451384a225c1565a5e27c39d8 - Copy (2).jpg,0,0
69,loh-64-_JPG.rf.5d91037451384a225c1565a5e27c39d8 - Copy (3).jpg,0,0
70,loh-64-_JPG.rf.5d91037451384a225c1565a5e27c39d8 - Copy.jpg,0,0
71,loh-64-_JPG.rf.5d91037451384a225c1565a5e27c39d8.jpg,0,0
72,loh-65-_JPG.rf.17858fcb9580152a46ea744722e52300 - Copy (2).jpg,0,0
73,loh-65-_JPG.rf.17858fcb9580152a46ea744722e52300 - Copy (3).jpg,0,0
74,loh-65-_JPG.rf.17858fcb9580152a46ea744722e52300 - Copy.jpg,0,0
75,loh-65-_JPG.rf.17858fcb9580152a46ea744722e52300.jpg,0,0
76,loh-65-_JPG.rf.96317f12e961821235b34ba13a020b43 - Copy (2).jpg,0,0
77,loh-65-_JPG.rf.96317f12e961821235b34ba13a020b43 - Copy (3).jpg,0,0
78,loh-65-_JPG.rf.96317f12e961821235b34ba13a020b43 - Copy.jpg,0,0
79,loh-65-_JPG.rf.96317f12e961821235b34ba13a020b43.jpg,0,0
80,loh-65-_JPG.rf.adb617acb4b855876d4b316299514797 - Copy (2).jpg,0,0
81,loh-65-_JPG.rf.adb617acb4b855876d4b316299514797 - Copy (3).jpg,0,0
82,loh-65-_JPG.rf.adb617acb4b855876d4b316299514797 - Copy.jpg,0,0
83,loh-65-_JPG.rf.adb617acb4b855876d4b316299514797.jpg,0,0
84,loh-66-_JPG.rf.01878088becb4bc89307e22d45c3da6a - Copy (2).jpg,0,0
85,loh-66-_JPG.rf.01878088becb4bc89307e22d45c3da6a - Copy (3).jpg,0,0
86,loh-66-_JPG.rf.01878088becb4bc89307e22d45c3da6a - Copy.jpg,0,0
87,loh-66-_JPG.rf.01878088becb4bc89307e22d45c3da6a.jpg,0,0
88,loh-66-_JPG.rf.b268b7dca1ec341752a7904490dd5946 - Copy (2).jpg,0,0
89,loh-66-_JPG.rf.b268b7dca1ec341752a7904490dd5946 - Copy (3).jpg,0,0
90,loh-66-_JPG.rf.b268b7dca1ec341752a7904490dd5946 - Copy.jpg,0,0
91,loh-66-_JPG.rf.b268b7dca1ec341752a7904490dd5946.jpg,0,0
92,loh-66-_JPG.rf.fa09a527836565a08bdd1d1970908f7f - Copy (2).jpg,0,0
93,loh-66-_JPG.rf.fa09a527836565a08bdd1d1970908f7f - Copy (3).jpg,0,0
94,loh-66-_JPG.rf.fa09a527836565a08bdd1d1970908f7f - Copy.jpg,0,0
95,loh-66-_JPG.rf.fa09a527836565a08bdd1d1970908f7f.jpg,0,0
96,loh-67-_JPG.rf.0cefb5076d812dec0f2816db2dd601e8 - Copy (2).jpg,0,0
97,loh-67-_JPG.rf.0cefb5076d812dec0f2816db2dd601e8 - Copy (3).jpg,0,0
98,loh-67-_JPG.rf.0cefb5076d812dec0f2816db2dd601e8 - Copy.jpg,0,0
99,loh-67-_JPG.rf.0cefb5076d812dec0f2816db2dd601e8.jpg,0,0
100,loh-67-_JPG.rf.1e2f354e378bc97a8827ae62b6597e7c - Copy (2).jpg,0,0
101,loh-67-_JPG.rf.1e2f354e378bc97a8827ae62b6597e7c - Copy (3).jpg,0,0
102,loh-67-_JPG.rf.1e2f354e378bc97a8827ae62b6597e7c - Copy.jpg,0,0
103,loh-67-_JPG.rf.1e2f354e378bc97a8827ae62b6597e7c.jpg,0,0
104,loh-67-_JPG.rf.2b24e9bbd96f39ab7e98528f39eba565 - Copy (2).jpg,0,0
105,loh-67-_JPG.rf.2b24e9bbd96f39ab7e98528f39eba565 - Copy (3).jpg,0,0
106,loh-67-_JPG.rf.2b24e9bbd96f39ab7e98528f39eba565 - Copy.jpg,0,0
107,loh-67-_JPG.rf.2b24e9bbd96f39ab7e98528f39eba565.jpg,0,0
108,loh-68-_JPG.rf.3c4e7bd314063b6bbd251bcd460eaf0c - Copy (2).jpg,0,0
109,loh-68-_JPG.rf.3c4e7bd314063b6bbd251bcd460eaf0c - Copy (3).jpg,0,0
110,loh-68-_JPG.rf.3c4e7bd314063b6bbd251bcd460eaf0c - Copy.jpg,0,0
111,loh-68-_JPG.rf.3c4e7bd314063b6bbd251bcd460eaf0c.jpg,0,0
112,loh-68-_JPG.rf.a011c85e73d6b51a7535ba01a308556d - Copy (2).jpg,0,0
113,loh-68-_JPG.rf.a011c85e73d6b51a7535ba01a308556d - Copy (3).jpg,0,0
114,loh-68-_JPG.rf.a011c85e73d6b51a7535ba01a308556d - Copy.jpg,0,0
115,loh-68-_JPG.rf.a011c85e73d6b51a7535ba01a308556d.jpg,0,0
116,loh-68-_JPG.rf.b41bee189d8f5b28aa6b2c8257714f97 - Copy (2).jpg,0,0
117,loh-68-_JPG.rf.b41bee189d8f5b28aa6b2c8257714f97 - Copy (3).jpg,0,0
118,loh-68-_JPG.rf.b41bee189d8f5b28aa6b2c8257714f97 - Copy.jpg,0,0
119,loh-68-_JPG.rf.b41bee189d8f5b28aa6b2c8257714f97.jpg,0,0
120,loh-69-_JPG.rf.41ceda1254e41324a04c793a968e2530 - Copy (2).jpg,0,0
121,loh-69-_JPG.rf.41ceda1254e41324a04c793a968e2530 - Copy (3).jpg,0,0
122,loh-69-_JPG.rf.41ceda1254e41324a04c793a968e2530 - Copy.jpg,0,0
123,loh-69-_JPG.rf.41ceda1254e41324a04c793a968e2530.jpg,0,0
124,loh-69-_JPG.rf.c5d3b07c0e6c1c49183622f51a43815d - Copy (2).jpg,0,0
125,loh-69-_JPG.rf.c5d3b07c0e6c1c49183622f51a43815d - Copy (3).jpg,0,0
126,loh-69-_JPG.rf.c5d3b07c0e6c1c49183622f51a43815d - Copy.jpg,0,0
127,loh-69-_JPG.rf.c5d3b07c0e6c1c49183622f51a43815d.jpg,0,0
128,loh-69-_JPG.rf.e9bc13e0c97663b49e9d2ab756c66f79 - Copy (2).jpg,0,0
129,loh-69-_JPG.rf.e9bc13e0c97663b49e9d2ab756c66f79 - Copy (3).jpg,0,0
130,loh-69-_JPG.rf.e9bc13e0c97663b49e9d2ab756c66f79 - Copy.jpg,0,0
131,loh-69-_JPG.rf.e9bc13e0c97663b49e9d2ab756c66f79.jpg,0,0
132,loh-70-_JPG.rf.6ae323718840ca6be45362f58c76e754 - Copy (2).jpg,0,0
133,loh-70-_JPG.rf.6ae323718840ca6be45362f58c76e754 - Copy (3).jpg,0,0
134,loh-70-_JPG.rf.6ae323718840ca6be45362f58c76e754 - Copy.jpg,0,0
135,loh-70-_JPG.rf.6ae323718840ca6be45362f58c76e754.jpg,0,0
136,loh-70-_JPG.rf.82e4048510f3406940f8ab034895ab37 - Copy (2).jpg,0,0
137,loh-70-_JPG.rf.82e4048510f3406940f8ab034895ab37 - Copy (3).jpg,0,0
138,loh-70-_JPG.rf.82e4048510f3406940f8ab034895ab37 - Copy.jpg,0,0
139,loh-70-_JPG.rf.82e4048510f3406940f8ab034895ab37.jpg,0,0
140,loh-70-_JPG.rf.9fe06b3a6be729f5f25bf5ec3145a444 - Copy (2).jpg,0,0
141,loh-70-_JPG.rf.9fe06b3a6be729f5f25bf5ec3145a444 - Copy (3).jpg,0,0
142,loh-70-_JPG.rf.9fe06b3a6be729f5f25bf5ec3145a444 - Copy.jpg,0,0
143,loh-70-_JPG.rf.9fe06b3a6be729f5f25bf5ec3145a444.jpg,0,0
144,loh-71-_JPG.rf.1207a5fc1140592d0add2b3517b0ba26 - Copy (2).jpg,0,0
145,loh-71-_JPG.rf.1207a5fc1140592d0add2b3517b0ba26 - Copy (3).jpg,0,0
146,loh-71-_JPG.rf.1207a5fc1140592d0add2b3517b0ba26 - Copy.jpg,0,0
147,loh-71-_JPG.rf.1207a5fc1140592d0add2b3517b0ba26.jpg,0,0
148,loh-71-_JPG.rf.13ea289cb832dcd4e493b64928f4f3f2 - Copy (2).jpg,0,0
149,loh-71-_JPG.rf.13ea289cb832dcd4e493b64928f4f3f2 - Copy (3).jpg,0,0
150,loh-71-_JPG.rf.13ea289cb832dcd4e493b64928f4f3f2 - Copy.jpg,0,0
151,loh-71-_JPG.rf.13ea289cb832dcd4e493b64928f4f3f2.jpg,0,0
152,loh-71-_JPG.rf.2ac378b752a5bb48404f55af66560d13 - Copy (2).jpg,0,0
153,loh-71-_JPG.rf.2ac378b752a5bb48404f55af66560d13 - Copy (3).jpg,0,0
154,loh-71-_JPG.rf.2ac378b752a5bb48404f55af66560d13 - Copy.jpg,0,0
155,loh-71-_JPG.rf.2ac378b752a5bb48404f55af66560d13.jpg,0,0
156,loh-72-_JPG.rf.4d93b4eeed739c05d2a1c4699c95e0f6 - Copy (2).jpg,0,0
157,loh-72-_JPG.rf.4d93b4eeed739c05d2a1c4699c95e0f6 - Copy (3).jpg,0,0
158,loh-72-_JPG.rf.4d93b4eeed739c05d2a1c4699c95e0f6 - Copy.jpg,0,0
159,loh-72-_JPG.rf.4d93b4eeed739c05d2a1c4699c95e0f6.jpg,0,0
160,loh-72-_JPG.rf.5e6b911b239e0238d1594434493b35c7 - Copy (2).jpg,0,0
161,loh-72-_JPG.rf.5e6b911b239e0238d1594434493b35c7 - Copy (3).jpg,0,0
162,loh-72-_JPG.rf.5e6b911b239e0238d1594434493b35c7 - Copy.jpg,0,0
163,loh-72-_JPG.rf.5e6b911b239e0238d1594434493b35c7.jpg,0,0
164,loh-72-_JPG.rf.fbda71a3e0b2ef8c13e81c62bd4874bb - Copy (2).jpg,0,0
165,loh-72-_JPG.rf.fbda71a3e0b2ef8c13e81c62bd4874bb - Copy (3).jpg,0,0
166,loh-72-_JPG.rf.fbda71a3e0b2ef8c13e81c62bd4874bb - Copy.jpg,0,0
167,loh-72-_JPG.rf.fbda71a3e0b2ef8c13e81c62bd4874bb.jpg,0,0
168,loh-73-_JPG.rf.229b9843694c8941f6c6328544cccdac - Copy (2).jpg,0,1
169,loh-73-_JPG.rf.229b9843694c8941f6c6328544cccdac - Copy (3).jpg,0,1
170,loh-73-_JPG.rf.229b9843694c8941f6c6328544cccdac - Copy.jpg,0,1
171,loh-73-_JPG.rf.229b9843694c8941f6c6328544cccdac.jpg,0,1
172,loh-73-_JPG.rf.5b296b87689823f9a5cd851272412627 - Copy (2).jpg,0,1
173,loh-73-_JPG.rf.5b296b87689823f9a5cd851272412627 - Copy (3).jpg,0,1
174,loh-73-_JPG.rf.5b296b87689823f9a5cd851272412627 - Copy.jpg,0,1
175,loh-73-_JPG.rf.5b296b87689823f9a5cd851272412627.jpg,0,1
176,loh-73-_JPG.rf.dca040d7985bb25df31b8aed359ac853 - Copy (2).jpg,0,1
177,loh-73-_JPG.rf.dca040d7985bb25df31b8aed359ac853 - Copy (3).jpg,0,1
178,loh-73-_JPG.rf.dca040d7985bb25df31b8aed359ac853 - Copy.jpg,0,1
179,loh-73-_JPG.rf.dca040d7985bb25df31b8aed359ac853.jpg,0,1
180,loh-74-_JPG.rf.335fb087d7b52568d69502345614cb26 - Copy (2).jpg,0,2
181,loh-74-_JPG.rf.335fb087d7b52568d69502345614cb26 - Copy (3).jpg,0,2
182,loh-74-_JPG.rf.335fb087d7b52568d69502345614cb26 - Copy.jpg,0,2
183,loh-74-_JPG.rf.335fb087d7b52568d69502345614cb26.jpg,0,2
184,loh-74-_JPG.rf.4ab6f9260ed68d221bea4894ebdba1b6 - Copy (2).jpg,0,2
185,loh-74-_JPG.rf.4ab6f9260ed68d221bea4894ebdba1b6 - Copy (3).jpg,0,2
186,loh-74-_JPG.rf.4ab6f9260ed68d221bea4894ebdba1b6 - Copy.jpg,0,2
187,loh-74-_JPG.rf.4ab6f9260ed68d221bea4894ebdba1b6.jpg,0,2
188,loh-74-_JPG.rf.5813992ec02613a35de0f9511db62b7b - Copy (2).jpg,0,2
189,loh-74-_JPG.rf.5813992ec02613a35de0f9511db62b7b - Copy (3).jpg,0,2
190,loh-74-_JPG.rf.5813992ec02613a35de0f9511db62b7b - Copy.jpg,0,2
191,loh-74-_JPG.rf.5813992ec02613a35de0f9511db62b7b.jpg,0,2
192,loh-75-_JPG.rf.9347b5b0a79d91243891eefbdd06442c - Copy (2).jpg,0,2
193,loh-75-_JPG.rf.9347b5b0a79d91243891eefbdd06442c - Copy (3).jpg,0,2
194,loh-75-_JPG.rf.9347b5b0a79d91243891eefbdd06442c - Copy.jpg,0,2
195,loh-75-_JPG.rf.9347b5b0a79d91243891eefbdd06442c.jpg,0,2
196,loh-75-_JPG.rf.9e3b3ccd3aa33ccbbbc7ed150700f29f - Copy (2).jpg,0,2
197,loh-75-_JPG.rf.9e3b3ccd3aa33ccbbbc7ed150700f29f - Copy (3).jpg,0,2
198,loh-75-_JPG.rf.9e3b3ccd3aa33ccbbbc7ed150700f29f - Copy.jpg,0,2
199,loh-75-_JPG.rf.9e3b3ccd3aa33ccbbbc7ed150700f29f.jpg,0,2
200,loh-75-_JPG.rf.c16d6588c8253234e7bf208e98d36bfd - Copy (2).jpg,0,0
201,loh-75-_JPG.rf.c16d6588c8253234e7bf208e98d36bfd - Copy (3).jpg,0,0
202,loh-75-_JPG.rf.c16d6588c8253234e7bf208e98d36bfd - Copy.jpg,0,0
203,loh-75-_JPG.rf.c16d6588c8253234e7bf208e98d36bfd.jpg,0,0
204,loh-76-_JPG.rf.290916d6e4badb82af7cf3569578ba73 - Copy (2).jpg,0,2
205,loh-76-_JPG.rf.290916d6e4badb82af7cf3569578ba73 - Copy (3).jpg,0,2
206,loh-76-_JPG.rf.290916d6e4badb82af7cf3569578ba73 - Copy.jpg,0,2
207,loh-76-_JPG.rf.290916d6e4badb82af7cf3569578ba73.jpg,0,2
208,loh-76-_JPG.rf.885a9dc9205aab1ded8eeea1b0c73f48 - Copy (2).jpg,0,2
209,loh-76-_JPG.rf.885a9dc9205aab1ded8eeea1b0c73f48 - Copy (3).jpg,0,2
210,loh-76-_JPG.rf.885a9dc9205aab1ded8eeea1b0c73f48 - Copy.jpg,0,2
211,loh-76-_JPG.rf.885a9dc9205aab1ded8eeea1b0c73f48.jpg,0,2
212,loh-76-_JPG.rf.bbae7808eadda34103823bb981ce1f14 - Copy (2).jpg,0,2
213,loh-76-_JPG.rf.bbae7808eadda34103823bb981ce1f14 - Copy (3).jpg,0,2
214,loh-76-_JPG.rf.bbae7808eadda34103823bb981ce1f14 - Copy.jpg,0,2
215,loh-76-_JPG.rf.bbae7808eadda34103823bb981ce1f14.jpg,0,2
216,loh-77-_JPG.rf.d8399b22caf801ff82a35560cac76421 - Copy (2).jpg,0,2
217,loh-77-_JPG.rf.d8399b22caf801ff82a35560cac76421 - Copy (3).jpg,0,2
218,loh-77-_JPG.rf.d8399b22caf801ff82a35560cac76421 - Copy.jpg,0,2
219,loh-77-_JPG.rf.d8399b22caf801ff82a35560cac76421.jpg,0,2
220,loh-77-_JPG.rf.eb6f6536c57ab02e2bb56979285073e7 - Copy (2).jpg,0,2
221,loh-77-_JPG.rf.eb6f6536c57ab02e2bb56979285073e7 - Copy (3).jpg,0,2
222,loh-77-_JPG.rf.eb6f6536c57ab02e2bb56979285073e7 - Copy.jpg,0,2
223,loh-77-_JPG.rf.eb6f6536c57ab02e2bb56979285073e7.jpg,0,2
224,loh-77-_JPG.rf.ecc6078025f03234589265bffafe7076 - Copy (2).jpg,0,2
225,loh-77-_JPG.rf.ecc6078025f03234589265bffafe7076 - Copy (3).jpg,0,2
226,loh-77-_JPG.rf.ecc6078025f03234589265bffafe7076 - Copy.jpg,0,2
227,loh-77-_JPG.rf.ecc6078025f03234589265bffafe7076.jpg,0,2
228,loh-78-_JPG.rf.55ce02c73dca06cc17ce6960d98c63da - Copy (2).jpg,0,2
229,loh-78-_JPG.rf.55ce02c73dca06cc17ce6960d98c63da - Copy (3).jpg,0,2
230,loh-78-_JPG.rf.55ce02c73dca06cc17ce6960d98c63da - Copy.jpg,0,2
231,loh-78-_JPG.rf.55ce02c73dca06cc17ce6960d98c63da.jpg,0,2
232,loh-78-_JPG.rf.cdba519f351495caba4641786269104c - Copy (2).jpg,0,0
233,loh-78-_JPG.rf.cdba519f351495caba4641786269104c - Copy (3).jpg,0,0
234,los-78-_JPG.rf.912ea342889c441b6174048d74b8794e - Copy.jpg,1,1
235,los-78-_JPG.rf.912ea342889c441b6174048d74b8794e.jpg,1,1
236,los-78-_JPG.rf.f9f9a57942b44b77e24908006252ae77 - Copy (2).jpg,1,1
237,los-78-_JPG.rf.f9f9a57942b44b77e24908006252ae77 - Copy (3).jpg,1,1
238,los-78-_JPG.rf.f9f9a57942b44b77e24908006252ae77 - Copy.jpg,1,1
239,los-78-_JPG.rf.f9f9a57942b44b77e24908006252ae77.jpg,1,1
240,los-79-_JPG.rf.2de2ec84f6703a4c5aad529269c51a05 - Copy (2).jpg,1,1
241,los-79-_JPG.rf.2de2ec84f6703a4c5aad529269c51a05 - Copy (3).jpg,1,1
242,los-79-_JPG.rf.2de2ec84f6703a4c5aad529269c51a05 - Copy.jpg,1,1
243,los-79-_JPG.rf.2de2ec84f6703a4c5aad529269c51a05.jpg,1,1
244,los-79-_JPG.rf.8a244410014ab45552b74a32a8203a79 - Copy (2).jpg,1,1
245,los-79-_JPG.rf.8a244410014ab45552b74a32a8203a79 - Copy (3).jpg,1,1
246,los-79-_JPG.rf.8a244410014ab45552b74a32a8203a79 - Copy.jpg,1,1
247,los-79-_JPG.rf.8a244410014ab45552b74a32a8203a79.jpg,1,1
248,los-79-_JPG.rf.c45085b1963fdd28cc794a90aa06e4a5 - Copy (2).jpg,1,1
249,los-79-_JPG.rf.c45085b1963fdd28cc794a90aa06e4a5 - Copy (3).jpg,1,1
250,los-79-_JPG.rf.c45085b1963fdd28cc794a90aa06e4a5 - Copy.jpg,1,1
251,los-79-_JPG.rf.c45085b1963fdd28cc794a90aa06e4a5.jpg,1,1
252,los-80-_JPG.rf.49d59e596b0e948fe72bb21e8ba0b872 - Copy (2).jpg,1,1
253,los-80-_JPG.rf.49d59e596b0e948fe72bb21e8ba0b872 - Copy (3).jpg,1,1
254,los-80-_JPG.rf.49d59e596b0e948fe72bb21e8ba0b872 - Copy.jpg,1,1
255,los-80-_JPG.rf.49d59e596b0e948fe72bb21e8ba0b872.jpg,1,1
256,los-80-_JPG.rf.9c0ef92ba0f5366baed0f6ad7996c7a3 - Copy (2).jpg,1,1
257,los-80-_JPG.rf.9c0ef92ba0f5366baed0f6ad7996c7a3 - Copy (3).jpg,1,1
258,los-80-_JPG.rf.9c0ef92ba0f5366baed0f6ad7996c7a3 - Copy.jpg,1,1
259,los-80-_JPG.rf.9c0ef92ba0f5366baed0f6ad7996c7a3.jpg,1,1
260,los-80-_JPG.rf.fccb273c51cb425450a4a26e297cd859 - Copy (2).jpg,1,1
261,los-80-_JPG.rf.fccb273c51cb425450a4a26e297cd859 - Copy (3).jpg,1,1
262,los-80-_JPG.rf.fccb273c51cb425450a4a26e297cd859 - Copy.jpg,1,1
263,los-80-_JPG.rf.fccb273c51cb425450a4a26e297cd859.jpg,1,1
264,los-81-_JPG.rf.5b54236cff839e244c0b66b1bb0defc2 - Copy (2).jpg,1,1
265,los-81-_JPG.rf.5b54236cff839e244c0b66b1bb0defc2 - Copy (3).jpg,1,1
266,los-81-_JPG.rf.5b54236cff839e244c0b66b1bb0defc2 - Copy.jpg,1,1
267,los-81-_JPG.rf.5b54236cff839e244c0b66b1bb0defc2.jpg,1,1
268,los-81-_JPG.rf.6a13a33a1ae0ddf5c3617d0f3590418f - Copy (2).jpg,1,1
269,los-81-_JPG.rf.6a13a33a1ae0ddf5c3617d0f3590418f - Copy (3).jpg,1,1
270,los-81-_JPG.rf.6a13a33a1ae0ddf5c3617d0f3590418f - Copy.jpg,1,1
271,los-81-_JPG.rf.6a13a33a1ae0ddf5c3617d0f3590418f.jpg,1,1
272,los-81-_JPG.rf.938b0feb5207115a8bb405a092d57944 - Copy (2).jpg,1,1
273,los-81-_JPG.rf.938b0feb5207115a8bb405a092d57944 - Copy (3).jpg,1,1
274,los-81-_JPG.rf.938b0feb5207115a8bb405a092d57944 - Copy.jpg,1,1
275,los-81-_JPG.rf.938b0feb5207115a8bb405a092d57944.jpg,1,1
276,los-82-_JPG.rf.3931638986740001e1e19d1601ba3dde - Copy (2).jpg,1,1
277,los-82-_JPG.rf.3931638986740001e1e19d1601ba3dde - Copy (3).jpg,1,1
278,los-82-_JPG.rf.3931638986740001e1e19d1601ba3dde - Copy.jpg,1,1
279,los-82-_JPG.rf.3931638986740001e1e19d1601ba3dde.jpg,1,1
280,los-82-_JPG.rf.5f93b882e09c88cbeab875e714926511 - Copy (2).jpg,1,1
281,los-82-_JPG.rf.5f93b882e09c88cbeab875e714926511 - Copy (3).jpg,1,1
282,los-82-_JPG.rf.5f93b882e09c88cbeab875e714926511 - Copy.jpg,1,1
283,los-82-_JPG.rf.5f93b882e09c88cbeab875e714926511.jpg,1,1
284,los-82-_JPG.rf.7793ce4fb5daf08515a912d7d6cc632d - Copy (2).jpg,1,1
285,los-82-_JPG.rf.7793ce4fb5daf08515a912d7d6cc632d - Copy (3).jpg,1,1
286,los-82-_JPG.rf.7793ce4fb5daf08515a912d7d6cc632d - Copy.jpg,1,1
287,los-82-_JPG.rf.7793ce4fb5daf08515a912d7d6cc632d.jpg,1,1
288,los-83-_JPG.rf.2d8991e7df9a615039c9618618c6a207 - Copy (2).jpg,1,1
289,los-83-_JPG.rf.2d8991e7df9a615039c9618618c6a207 - Copy (3).jpg,1,1
290,los-83-_JPG.rf.2d8991e7df9a615039c9618618c6a207 - Copy.jpg,1,1
291,los-83-_JPG.rf.2d8991e7df9a615039c9618618c6a207.jpg,1,1
292,los-83-_JPG.rf.a517034ca2d6c8b31351cc03ff6d0134 - Copy (2).jpg,1,1
293,los-83-_JPG.rf.a517034ca2d6c8b31351cc03ff6d0134 - Copy (3).jpg,1,1
294,los-83-_JPG.rf.a517034ca2d6c8b31351cc03ff6d0134 - Copy.jpg,1,1
295,los-83-_JPG.rf.a517034ca2d6c8b31351cc03ff6d0134.jpg,1,1
296,los-83-_JPG.rf.ab147c36941e8a7927006adba213b16b - Copy (2).jpg,1,1
297,los-83-_JPG.rf.ab147c36941e8a7927006adba213b16b - Copy (3).jpg,1,1
298,los-83-_JPG.rf.ab147c36941e8a7927006adba213b16b - Copy.jpg,1,1
299,los-83-_JPG.rf.ab147c36941e8a7927006adba213b16b.jpg,1,1
300,los-84-_JPG.rf.04eea534dd428e7bf27414ffbbee3957 - Copy (2).jpg,1,1
301,los-84-_JPG.rf.04eea534dd428e7bf27414ffbbee3957 - Copy (3).jpg,1,1
302,los-84-_JPG.rf.04eea534dd428e7bf27414ffbbee3957 - Copy.jpg,1,1
303,los-84-_JPG.rf.04eea534dd428e7bf27414ffbbee3957.jpg,1,1
304,los-84-_JPG.rf.0753bc8eac6d3badd3ea1faeb2c1c9d0 - Copy (2).jpg,1,1
305,los-84-_JPG.rf.0753bc8eac6d3badd3ea1faeb2c1c9d0 - Copy (3).jpg,1,1
306,los-84-_JPG.rf.0753bc8eac6d3badd3ea1faeb2c1c9d0 - Copy.jpg,1,1
307,los-84-_JPG.rf.0753bc8eac6d3badd3ea1faeb2c1c9d0.jpg,1,1
308,los-84-_JPG.rf.63bec52392364f714060661f3d653ebe - Copy (2).jpg,1,1
309,los-84-_JPG.rf.63bec52392364f714060661f3d653ebe - Copy (3).jpg,1,1
310,los-84-_JPG.rf.63bec52392364f714060661f3d653ebe - Copy.jpg,1,1
311,los-84-_JPG.rf.63bec52392364f714060661f3d653ebe.jpg,1,1
312,los-85-_JPG.rf.384c1d92a6a9f63e9b604d242300a9c3 - Copy (2).jpg,1,1
313,los-85-_JPG.rf.384c1d92a6a9f63e9b604d242300a9c3 - Copy (3).jpg,1,1
314,los-85-_JPG.rf.384c1d92a6a9f63e9b604d242300a9c3 - Copy.jpg,1,1
315,los-85-_JPG.rf.384c1d92a6a9f63e9b604d242300a9c3.jpg,1,1
316,los-85-_JPG.rf.a82af7fd4888483858f898d4ef7b6d9a - Copy (2).jpg,1,1
317,los-85-_JPG.rf.a82af7fd4888483858f898d4ef7b6d9a - Copy (3).jpg,1,1
318,los-85-_JPG.rf.a82af7fd4888483858f898d4ef7b6d9a - Copy.jpg,1,1
319,los-85-_JPG.rf.a82af7fd4888483858f898d4ef7b6d9a.jpg,1,1
320,los-85-_JPG.rf.c50d8ad3d5a618cc2f34dcb097b7bca3 - Copy (2).jpg,1,1
321,los-85-_JPG.rf.c50d8ad3d5a618cc2f34dcb097b7bca3 - Copy (3).jpg,1,1
322,los-85-_JPG.rf.c50d8ad3d5a618cc2f34dcb097b7bca3 - Copy.jpg,1,1
323,los-85-_JPG.rf.c50d8ad3d5a618cc2f34dcb097b7bca3.jpg,1,1
324,los-86-_JPG.rf.4ea250e7d278f6f852cb2b845f1dc58b - Copy (2).jpg,1,1
325,los-86-_JPG.rf.4ea250e7d278f6f852cb2b845f1dc58b - Copy (3).jpg,1,1
326,los-86-_JPG.rf.4ea250e7d278f6f852cb2b845f1dc58b - Copy.jpg,1,1
327,los-86-_JPG.rf.4ea250e7d278f6f852cb2b845f1dc58b.jpg,1,1
328,los-86-_JPG.rf.6fe143f69d7e7ffb6ab0d5bc2dfc929e - Copy (2).jpg,1,1
329,los-86-_JPG.rf.6fe143f69d7e7ffb6ab0d5bc2dfc929e - Copy (3).jpg,1,1
330,los-86-_JPG.rf.6fe143f69d7e7ffb6ab0d5bc2dfc929e - Copy.jpg,1,1
331,los-86-_JPG.rf.6fe143f69d7e7ffb6ab0d5bc2dfc929e.jpg,1,1
332,los-86-_JPG.rf.d91dc3b43bf5bdda15ec2d2d32cca3d8 - Copy (2).jpg,1,1
333,los-86-_JPG.rf.d91dc3b43bf5bdda15ec2d2d32cca3d8 - Copy (3).jpg,1,1
334,los-86-_JPG.rf.d91dc3b43bf5bdda15ec2d2d32cca3d8 - Copy.jpg,1,1
335,los-86-_JPG.rf.d91dc3b43bf5bdda15ec2d2d32cca3d8.jpg,1,1
336,los-87-_JPG.rf.263148347817203ce8561530b9077e09 - Copy (2).jpg,1,1
337,los-87-_JPG.rf.263148347817203ce8561530b9077e09 - Copy (3).jpg,1,1
338,los-87-_JPG.rf.263148347817203ce8561530b9077e09 - Copy.jpg,1,1
339,los-87-_JPG.rf.263148347817203ce8561530b9077e09.jpg,1,1
340,los-87-_JPG.rf.2e20fe72c397b2d4ee3dca9c0adce2bd - Copy (2).jpg,1,1
341,los-87-_JPG.rf.2e20fe72c397b2d4ee3dca9c0adce2bd - Copy (3).jpg,1,1
342,los-87-_JPG.rf.2e20fe72c397b2d4ee3dca9c0adce2bd - Copy.jpg,1,1
343,los-87-_JPG.rf.2e20fe72c397b2d4ee3dca9c0adce2bd.jpg,1,1
344,los-87-_JPG.rf.6e71da862026229405d54ce94df4ce14 - Copy (2).jpg,1,1
345,los-87-_JPG.rf.6e71da862026229405d54ce94df4ce14 - Copy (3).jpg,1,1
346,los-87-_JPG.rf.6e71da862026229405d54ce94df4ce14 - Copy.jpg,1,1
347,los-87-_JPG.rf.6e71da862026229405d54ce94df4ce14.jpg,1,1
348,los-88-_JPG.rf.07ce7ba1f638fa394a69f6fef72e1f55 - Copy (2).jpg,1,1
349,los-88-_JPG.rf.07ce7ba1f638fa394a69f6fef72e1f55 - Copy (3).jpg,1,1
350,los-88-_JPG.rf.07ce7ba1f638fa394a69f6fef72e1f55 - Copy.jpg,1,1
351,los-88-_JPG.rf.07ce7ba1f638fa394a69f6fef72e1f55.jpg,1,1
352,los-88-_JPG.rf.3ef04e2336732f824fb2f0dbff312ec6 - Copy (2).jpg,1,1
353,los-88-_JPG.rf.3ef04e2336732f824fb2f0dbff312ec6 - Copy (3).jpg,1,1
354,los-88-_JPG.rf.3ef04e2336732f824fb2f0dbff312ec6 - Copy.jpg,1,1
355,los-88-_JPG.rf.3ef04e2336732f824fb2f0dbff312ec6.jpg,1,1
356,los-88-_JPG.rf.ee94ad99c67ab034b089e9bb4ece1834 - Copy (2).jpg,1,1
357,los-88-_JPG.rf.ee94ad99c67ab034b089e9bb4ece1834 - Copy (3).jpg,1,1
358,los-88-_JPG.rf.ee94ad99c67ab034b089e9bb4ece1834 - Copy.jpg,1,1
359,los-88-_JPG.rf.ee94ad99c67ab034b089e9bb4ece1834.jpg,1,1
360,los-89-_JPG.rf.4d0b988b92cabce33f27f992632df6a1 - Copy (2).jpg,1,1
361,los-89-_JPG.rf.4d0b988b92cabce33f27f992632df6a1 - Copy (3).jpg,1,1
362,los-89-_JPG.rf.4d0b988b92cabce33f27f992632df6a1 - Copy.jpg,1,1
363,los-89-_JPG.rf.4d0b988b92cabce33f27f992632df6a1.jpg,1,1
364,los-89-_JPG.rf.94196657d13cbe56d0a59e64f2c7df06 - Copy (2).jpg,1,1
365,los-89-_JPG.rf.94196657d13cbe56d0a59e64f2c7df06 - Copy (3).jpg,1,1
366,los-89-_JPG.rf.94196657d13cbe56d0a59e64f2c7df06 - Copy.jpg,1,1
367,los-89-_JPG.rf.94196657d13cbe56d0a59e64f2c7df06.jpg,1,1
368,los-89-_JPG.rf.c8dc3cbc5b33eceebbe9e9ce3f2085d4 - Copy (2).jpg,1,1
369,los-89-_JPG.rf.c8dc3cbc5b33eceebbe9e9ce3f2085d4 - Copy (3).jpg,1,1
370,los-89-_JPG.rf.c8dc3cbc5b33eceebbe9e9ce3f2085d4 - Copy.jpg,1,1
371,los-89-_JPG.rf.c8dc3cbc5b33eceebbe9e9ce3f2085d4.jpg,1,1
372,los-90-_JPG.rf.06823298b3d239e13368cfee538fc022 - Copy (2).jpg,1,1
373,los-90-_JPG.rf.06823298b3d239e13368cfee538fc022 - Copy (3).jpg,1,1
374,los-90-_JPG.rf.06823298b3d239e13368cfee538fc022 - Copy.jpg,1,1
375,los-90-_JPG.rf.06823298b3d239e13368cfee538fc022.jpg,1,1
376,los-90-_JPG.rf.22d21e9a7af054023f79a7e92633216a - Copy (2).jpg,1,1
377,los-90-_JPG.rf.22d21e9a7af054023f79a7e92633216a - Copy (3).jpg,1,1
378,los-90-_JPG.rf.22d21e9a7af054023f79a7e92633216a - Copy.jpg,1,1
379,los-90-_JPG.rf.22d21e9a7af054023f79a7e92633216a.jpg,1,1
380,los-90-_JPG.rf.5413a5defd671aabc7ae94f84827b114 - Copy (2).jpg,1,1
381,los-90-_JPG.rf.5413a5defd671aabc7ae94f84827b114 - Copy (3).jpg,1,1
382,los-90-_JPG.rf.5413a5defd671aabc7ae94f84827b114 - Copy.jpg,1,1
383,los-90-_JPG.rf.5413a5defd671aabc7ae94f84827b114.jpg,1,1
384,los-91-_JPG.rf.03d86152acae02468d5fc2ea28198deb - Copy (2).jpg,1,1
385,los-91-_JPG.rf.03d86152acae02468d5fc2ea28198deb - Copy (3).jpg,1,1
386,los-91-_JPG.rf.03d86152acae02468d5fc2ea28198deb - Copy.jpg,1,1
387,los-91-_JPG.rf.03d86152acae02468d5fc2ea28198deb.jpg,1,1
388,los-91-_JPG.rf.33acc772ba639bfbb1783fa6aae65335 - Copy (2).jpg,1,1
389,los-91-_JPG.rf.33acc772ba639bfbb1783fa6aae65335 - Copy (3).jpg,1,1
390,los-91-_JPG.rf.33acc772ba639bfbb1783fa6aae65335 - Copy.jpg,1,1
391,los-91-_JPG.rf.33acc772ba639bfbb1783fa6aae65335.jpg,1,1
392,los-91-_JPG.rf.cfed24bd1d04410c7fbb5837a43aab37 - Copy (2).jpg,1,1
393,los-91-_JPG.rf.cfed24bd1d04410c7fbb5837a43aab37 - Copy (3).jpg,1,1
394,los-91-_JPG.rf.cfed24bd1d04410c7fbb5837a43aab37 - Copy.jpg,1,1
395,los-91-_JPG.rf.cfed24bd1d04410c7fbb5837a43aab37.jpg,1,1
396,los-92-_JPG.rf.4b1a1998de0b910cd0351a87aac7570c - Copy (2).jpg,1,1
397,los-92-_JPG.rf.4b1a1998de0b910cd0351a87aac7570c - Copy (3).jpg,1,1
398,los-92-_JPG.rf.4b1a1998de0b910cd0351a87aac7570c - Copy.jpg,1,1
399,los-92-_JPG.rf.4b1a1998de0b910cd0351a87aac7570c.jpg,1,1
400,los-92-_JPG.rf.8c1cbaf4117c54379cf7389ac6a54004 - Copy (2).jpg,1,1
401,los-92-_JPG.rf.8c1cbaf4117c54379cf7389ac6a54004 - Copy (3).jpg,1,1
402,los-92-_JPG.rf.8c1cbaf4117c54379cf7389ac6a54004 - Copy.jpg,1,1
403,los-92-_JPG.rf.8c1cbaf4117c54379cf7389ac6a54004.jpg,1,1
404,los-92-_JPG.rf.ff1903bdc880c6ba60ad7a6bbc3cd134 - Copy (2).jpg,1,1
405,los-92-_JPG.rf.ff1903bdc880c6ba60ad7a6bbc3cd134 - Copy (3).jpg,1,1
406,los-92-_JPG.rf.ff1903bdc880c6ba60ad7a6bbc3cd134 - Copy.jpg,1,1
407,los-92-_JPG.rf.ff1903bdc880c6ba60ad7a6bbc3cd134.jpg,1,1
408,los-93-_JPG.rf.35a1b59e62e50fd9327bd9f580142975 - Copy (2).jpg,1,1
409,los-93-_JPG.rf.35a1b59e62e50fd9327bd9f580142975 - Copy (3).jpg,1,1
410,los-93-_JPG.rf.35a1b59e62e50fd9327bd9f580142975 - Copy.jpg,1,1
411,los-93-_JPG.rf.35a1b59e62e50fd9327bd9f580142975.jpg,1,1
412,los-93-_JPG.rf.8aabf2f6e2cc86bf54c9337817f06049 - Copy (2).jpg,1,1
413,los-93-_JPG.rf.8aabf2f6e2cc86bf54c9337817f06049 - Copy (3).jpg,1,1
414,los-93-_JPG.rf.8aabf2f6e2cc86bf54c9337817f06049 - Copy.jpg,1,1
415,los-93-_JPG.rf.8aabf2f6e2cc86bf54c9337817f06049.jpg,1,1
416,los-93-_JPG.rf.bf3bee77f55f2467922b6d302698a19f - Copy (2).jpg,1,1
417,los-93-_JPG.rf.bf3bee77f55f2467922b6d302698a19f - Copy (3).jpg,1,1
418,los-93-_JPG.rf.bf3bee77f55f2467922b6d302698a19f - Copy.jpg,1,1
419,los-93-_JPG.rf.bf3bee77f55f2467922b6d302698a19f.jpg,1,1
420,los-94-_JPG.rf.8903d9eefabd2b177a300b387715216d - Copy (2).jpg,1,1
421,los-94-_JPG.rf.8903d9eefabd2b177a300b387715216d - Copy (3).jpg,1,1
422,los-94-_JPG.rf.8903d9eefabd2b177a300b387715216d - Copy.jpg,1,1
423,los-94-_JPG.rf.8903d9eefabd2b177a300b387715216d.jpg,1,1
424,los-94-_JPG.rf.d48a1c90e9a724b4971e29165cc3de5f - Copy (2).jpg,1,1
425,los-94-_JPG.rf.d48a1c90e9a724b4971e29165cc3de5f - Copy (3).jpg,1,1
426,los-94-_JPG.rf.d48a1c90e9a724b4971e29165cc3de5f - Copy.jpg,1,1
427,los-94-_JPG.rf.d48a1c90e9a724b4971e29165cc3de5f.jpg,1,1
428,los-94-_JPG.rf.ffd4af1043523c32e525289d3e4afb54 - Copy (2).jpg,1,1
429,los-94-_JPG.rf.ffd4af1043523c32e525289d3e4afb54 - Copy (3).jpg,1,1
430,los-94-_JPG.rf.ffd4af1043523c32e525289d3e4afb54 - Copy.jpg,1,1
431,los-94-_JPG.rf.ffd4af1043523c32e525289d3e4afb54.jpg,1,1
432,los-95-_JPG.rf.44b9cda0c32fa4f388e196194db98e7f - Copy (2).jpg,1,1
433,los-95-_JPG.rf.44b9cda0c32fa4f388e196194db98e7f - Copy (3).jpg,1,1
434,los-95-_JPG.rf.44b9cda0c32fa4f388e196194db98e7f - Copy.jpg,1,1
435,los-95-_JPG.rf.44b9cda0c32fa4f388e196194db98e7f.jpg,1,1
436,los-95-_JPG.rf.b99ea420bdc0d11e1dea2ca298d23cb5 - Copy (2).jpg,1,1
437,los-95-_JPG.rf.b99ea420bdc0d11e1dea2ca298d23cb5 - Copy (3).jpg,1,1
438,los-95-_JPG.rf.b99ea420bdc0d11e1dea2ca298d23cb5 - Copy.jpg,1,1
439,los-95-_JPG.rf.b99ea420bdc0d11e1dea2ca298d23cb5.jpg,1,1
440,los-95-_JPG.rf.e1352258c8a098189e94ccd3407b243f - Copy (2).jpg,1,1
441,los-95-_JPG.rf.e1352258c8a098189e94ccd3407b243f - Copy (3).jpg,1,1
442,los-95-_JPG.rf.e1352258c8a098189e94ccd3407b243f - Copy.jpg,1,1
443,los-95-_JPG.rf.e1352258c8a098189e94ccd3407b243f.jpg,1,1
444,los-96-_JPG.rf.2928d332658a99f51ea9ab465c40288c - Copy (2).jpg,1,1
445,los-96-_JPG.rf.2928d332658a99f51ea9ab465c40288c - Copy (3).jpg,1,1
446,los-96-_JPG.rf.2928d332658a99f51ea9ab465c40288c - Copy.jpg,1,1
447,los-96-_JPG.rf.2928d332658a99f51ea9ab465c40288c.jpg,1,1
448,los-96-_JPG.rf.2e5b74619a1300a32202efd826af51ee - Copy (2).jpg,1,1
449,los-96-_JPG.rf.2e5b74619a1300a32202efd826af51ee - Copy (3).jpg,1,1
450,los-96-_JPG.rf.2e5b74619a1300a32202efd826af51ee - Copy.jpg,1,1
451,los-96-_JPG.rf.2e5b74619a1300a32202efd826af51ee.jpg,1,1
452,los-96-_JPG.rf.6e056a59997796e51ba3514448c7a982 - Copy (2).jpg,1,1
453,los-96-_JPG.rf.6e056a59997796e51ba3514448c7a982 - Copy (3).jpg,1,1
454,los-96-_JPG.rf.6e056a59997796e51ba3514448c7a982 - Copy.jpg,1,1
455,los-96-_JPG.rf.6e056a59997796e51ba3514448c7a982.jpg,1,1
456,los-97-_JPG.rf.56e5d061e97b23c81a6245a29cecd9fe - Copy (2).jpg,1,1
457,los-97-_JPG.rf.56e5d061e97b23c81a6245a29cecd9fe - Copy (3).jpg,1,1
458,los-97-_JPG.rf.56e5d061e97b23c81a6245a29cecd9fe - Copy.jpg,1,1
459,los-97-_JPG.rf.56e5d061e97b23c81a6245a29cecd9fe.jpg,1,1
460,los-97-_JPG.rf.7ca9bca3b31354bd562cbb56d12b6fc9 - Copy (2).jpg,1,1
461,los-97-_JPG.rf.7ca9bca3b31354bd562cbb56d12b6fc9 - Copy (3).jpg,1,1
462,los-97-_JPG.rf.7ca9bca3b31354bd562cbb56d12b6fc9 - Copy.jpg,1,1
463,los-97-_JPG.rf.7ca9bca3b31354bd562cbb56d12b6fc9.jpg,1,1
464,los-97-_JPG.rf.c3db372e4336b5017620ff8fd1a6dba9 - Copy (2).jpg,1,1
465,los-97-_JPG.rf.c3db372e4336b5017620ff8fd1a6dba9 - Copy (3).jpg,1,1
466,los-97-_JPG.rf.c3db372e4336b5017620ff8fd1a6dba9 - Copy.jpg,1,1
467,los-97-_JPG.rf.c3db372e4336b5017620ff8fd1a6dba9.jpg,1,1
468,lolr-168-_JPG.rf.89914caa18bbb881b155f518ee60823f - Copy.jpg,2,2
469,lolr-168-_JPG.rf.89914caa18bbb881b155f518ee60823f.jpg,2,2
470,lolr-168-_JPG.rf.cdfd3304b109c52901dcbef81a2a73a1 - Copy (2).jpg,2,2
471,lolr-168-_JPG.rf.cdfd3304b109c52901dcbef81a2a73a1 - Copy (3).jpg,2,2
472,lolr-168-_JPG.rf.cdfd3304b109c52901dcbef81a2a73a1 - Copy.jpg,2,2
473,lolr-168-_JPG.rf.cdfd3304b109c52901dcbef81a2a73a1.jpg,2,2
474,lolr-169-_JPG.rf.2f7d4e5ddb586528b285dc494402f22e - Copy (2).jpg,2,2
475,lolr-169-_JPG.rf.2f7d4e5ddb586528b285dc494402f22e - Copy (3).jpg,2,2
476,lolr-169-_JPG.rf.2f7d4e5ddb586528b285dc494402f22e - Copy.jpg,2,2
477,lolr-169-_JPG.rf.2f7d4e5ddb586528b285dc494402f22e.jpg,2,2
478,lolr-169-_JPG.rf.97c6f17f836279f0ae49f0ee8d37e4c5 - Copy (2).jpg,2,2
479,lolr-169-_JPG.rf.97c6f17f836279f0ae49f0ee8d37e4c5 - Copy (3).jpg,2,2
480,lolr-169-_JPG.rf.97c6f17f836279f0ae49f0ee8d37e4c5 - Copy.jpg,2,2
481,lolr-169-_JPG.rf.97c6f17f836279f0ae49f0ee8d37e4c5.jpg,2,2
482,lolr-169-_JPG.rf.fa0d3bbe7be618d952a20762cc71d9d2 - Copy (2).jpg,2,1
483,lolr-169-_JPG.rf.fa0d3bbe7be618d952a20762cc71d9d2 - Copy (3).jpg,2,1
484,lolr-169-_JPG.rf.fa0d3bbe7be618d952a20762cc71d9d2 - Copy.jpg,2,1
485,lolr-169-_JPG.rf.fa0d3bbe7be618d952a20762cc71d9d2.jpg,2,1
486,lolr-170-_JPG.rf.47c2e6ba05cc031020e8ae775bf29cab - Copy (2).jpg,2,2
487,lolr-170-_JPG.rf.47c2e6ba05cc031020e8ae775bf29cab - Copy (3).jpg,2,2
488,lolr-170-_JPG.rf.47c2e6ba05cc031020e8ae775bf29cab - Copy.jpg,2,2
489,lolr-170-_JPG.rf.47c2e6ba05cc031020e8ae775bf29cab.jpg,2,2
490,lolr-170-_JPG.rf.49485b7cf8cfc9b422f16c69af8a4e3b - Copy (2).jpg,2,2
491,lolr-170-_JPG.rf.49485b7cf8cfc9b422f16c69af8a4e3b - Copy (3).jpg,2,2
492,lolr-170-_JPG.rf.49485b7cf8cfc9b422f16c69af8a4e3b - Copy.jpg,2,2
493,lolr-170-_JPG.rf.49485b7cf8cfc9b422f16c69af8a4e3b.jpg,2,2
494,lolr-170-_JPG.rf.e23b59212e5dd1c2466e6f4802dc5bc6 - Copy (2).jpg,2,2
495,lolr-170-_JPG.rf.e23b59212e5dd1c2466e6f4802dc5bc6 - Copy (3).jpg,2,2
496,lolr-170-_JPG.rf.e23b59212e5dd1c2466e6f4802dc5bc6 - Copy.jpg,2,2
497,lolr-170-_JPG.rf.e23b59212e5dd1c2466e6f4802dc5bc6.jpg,2,2
498,lolr-171-_JPG.rf.12e8bb354352e4d800a0898e0192f3d0 - Copy (2).jpg,2,2
499,lolr-171-_JPG.rf.12e8bb354352e4d800a0898e0192f3d0 - Copy (3).jpg,2,2
500,lolr-171-_JPG.rf.12e8bb354352e4d800a0898e0192f3d0 - Copy.jpg,2,2
501,lolr-171-_JPG.rf.12e8bb354352e4d800a0898e0192f3d0.jpg,2,2
502,lolr-171-_JPG.rf.b001d68d0cadf3107c66690b393fe3bb - Copy (2).jpg,2,2
503,lolr-171-_JPG.rf.b001d68d0cadf3107c66690b393fe3bb - Copy (3).jpg,2,2
504,lolr-171-_JPG.rf.b001d68d0cadf3107c66690b393fe3bb - Copy.jpg,2,2
505,lolr-171-_JPG.rf.b001d68d0cadf3107c66690b393fe3bb.jpg,2,2
506,lolr-171-_JPG.rf.b709843c141903d64fa7808e34b84267 - Copy (2).jpg,2,2
507,lolr-171-_JPG.rf.b709843c141903d64fa7808e34b84267 - Copy (3).jpg,2,2
508,lolr-171-_JPG.rf.b709843c141903d64fa7808e34b84267 - Copy.jpg,2,2
509,lolr-171-_JPG.rf.b709843c141903d64fa7808e34b84267.jpg,2,2
510,lolr-172-_JPG.rf.7473edbb15b77eb7781231bc43914708 - Copy (2).jpg,2,2
511,lolr-172-_JPG.rf.7473edbb15b77eb7781231bc43914708 - Copy (3).jpg,2,2
512,lolr-172-_JPG.rf.7473edbb15b77eb7781231bc43914708 - Copy.jpg,2,2
513,lolr-172-_JPG.rf.7473edbb15b77eb7781231bc43914708.jpg,2,2
514,lolr-172-_JPG.rf.eb82d5cb0d846d081cf0944502c3ada3 - Copy (2).jpg,2,2
515,lolr-172-_JPG.rf.eb82d5cb0d846d081cf0944502c3ada3 - Copy (3).jpg,2,2
516,lolr-172-_JPG.rf.eb82d5cb0d846d081cf0944502c3ada3 - Copy.jpg,2,2
517,lolr-172-_JPG.rf.eb82d5cb0d846d081cf0944502c3ada3.jpg,2,2
518,lolr-172-_JPG.rf.ffad6f1db894722f83c1ce9a51f0cfd9 - Copy (2).jpg,2,2
519,lolr-172-_JPG.rf.ffad6f1db894722f83c1ce9a51f0cfd9 - Copy (3).jpg,2,2
520,lolr-172-_JPG.rf.ffad6f1db894722f83c1ce9a51f0cfd9 - Copy.jpg,2,2
521,lolr-172-_JPG.rf.ffad6f1db894722f83c1ce9a51f0cfd9.jpg,2,2
522,lolr-173-_JPG.rf.1a46758f69ccd1b541c170737dc09b00 - Copy (2).jpg,2,2
523,lolr-173-_JPG.rf.1a46758f69ccd1b541c170737dc09b00 - Copy (3).jpg,2,2
524,lolr-173-_JPG.rf.1a46758f69ccd1b541c170737dc09b00 - Copy.jpg,2,2
525,lolr-173-_JPG.rf.1a46758f69ccd1b541c170737dc09b00.jpg,2,2
526,lolr-173-_JPG.rf.ab23958006ac6d5f469a13581a7d51eb - Copy (2).jpg,2,2
527,lolr-173-_JPG.rf.ab23958006ac6d5f469a13581a7d51eb - Copy (3).jpg,2,2
528,lolr-173-_JPG.rf.ab23958006ac6d5f469a13581a7d51eb - Copy.jpg,2,2
529,lolr-173-_JPG.rf.ab23958006ac6d5f469a13581a7d51eb.jpg,2,2
530,lolr-173-_JPG.rf.ddff3ca710bc4b8e6ee4b90d120ef7f1 - Copy (2).jpg,2,2
531,lolr-173-_JPG.rf.ddff3ca710bc4b8e6ee4b90d120ef7f1 - Copy (3).jpg,2,2
532,lolr-173-_JPG.rf.ddff3ca710bc4b8e6ee4b90d120ef7f1 - Copy.jpg,2,2
533,lolr-173-_JPG.rf.ddff3ca710bc4b8e6ee4b90d120ef7f1.jpg,2,2
534,lolr-174-_JPG.rf.37b778267a50698bd10c0c4cb2eb49d6 - Copy (2).jpg,2,2
535,lolr-174-_JPG.rf.37b778267a50698bd10c0c4cb2eb49d6 - Copy (3).jpg,2,2
536,lolr-174-_JPG.rf.37b778267a50698bd10c0c4cb2eb49d6 - Copy.jpg,2,2
537,lolr-174-_JPG.rf.37b778267a50698bd10c0c4cb2eb49d6.jpg,2,2
538,lolr-174-_JPG.rf.396ddf11d94c813647de5118376a5d72 - Copy (2).jpg,2,2
539,lolr-174-_JPG.rf.396ddf11d94c813647de5118376a5d72 - Copy (3).jpg,2,2
540,lolr-174-_JPG.rf.396ddf11d94c813647de5118376a5d72 - Copy.jpg,2,2
541,lolr-174-_JPG.rf.396ddf11d94c813647de5118376a5d72.jpg,2,2
542,lolr-174-_JPG.rf.559402d4b17480beed7d58a60b227477 - Copy (2).jpg,2,2
543,lolr-174-_JPG.rf.559402d4b17480beed7d58a60b227477 - Copy (3).jpg,2,2
544,lolr-174-_JPG.rf.559402d4b17480beed7d58a60b227477 - Copy.jpg,2,2
545,lolr-174-_JPG.rf.559402d4b17480beed7d58a60b227477.jpg,2,2
546,lolr-175-_JPG.rf.431d519a20817c216a880093af64377b - Copy (2).jpg,2,2
547,lolr-175-_JPG.rf.431d519a20817c216a880093af64377b - Copy (3).jpg,2,2
548,lolr-175-_JPG.rf.431d519a20817c216a880093af64377b - Copy.jpg,2,2
549,lolr-175-_JPG.rf.431d519a20817c216a880093af64377b.jpg,2,2
550,lolr-175-_JPG.rf.85fc21e4c68628eb19af000ed54202f1 - Copy (2).jpg,2,2
551,lolr-175-_JPG.rf.85fc21e4c68628eb19af000ed54202f1 - Copy (3).jpg,2,2
552,lolr-175-_JPG.rf.85fc21e4c68628eb19af000ed54202f1 - Copy.jpg,2,2
553,lolr-175-_JPG.rf.85fc21e4c68628eb19af000ed54202f1.jpg,2,2
554,lolr-175-_JPG.rf.b0d6adbb7fd45a68c7f601b1e7cffd38 - Copy (2).jpg,2,2
555,lolr-175-_JPG.rf.b0d6adbb7fd45a68c7f601b1e7cffd38 - Copy (3).jpg,2,2
556,lolr-175-_JPG.rf.b0d6adbb7fd45a68c7f601b1e7cffd38 - Copy.jpg,2,2
557,lolr-175-_JPG.rf.b0d6adbb7fd45a68c7f601b1e7cffd38.jpg,2,2
558,lolr-176-_JPG.rf.02c2499fbe668e4ccec5b01d1a8113ab - Copy (2).jpg,2,2
559,lolr-176-_JPG.rf.02c2499fbe668e4ccec5b01d1a8113ab - Copy (3).jpg,2,2
560,lolr-176-_JPG.rf.02c2499fbe668e4ccec5b01d1a8113ab - Copy.jpg,2,2
561,lolr-176-_JPG.rf.02c2499fbe668e4ccec5b01d1a8113ab.jpg,2,2
562,lolr-176-_JPG.rf.3d020b8fb4132ca50182d35fd4ada507 - Copy (2).jpg,2,2
563,lolr-176-_JPG.rf.3d020b8fb4132ca50182d35fd4ada507 - Copy (3).jpg,2,2
564,lolr-176-_JPG.rf.3d020b8fb4132ca50182d35fd4ada507 - Copy.jpg,2,2
565,lolr-176-_JPG.rf.3d020b8fb4132ca50182d35fd4ada507.jpg,2,2
566,lolr-176-_JPG.rf.6ce90890fc1b05d0f5b58a2d3ddcef08 - Copy (2).jpg,2,2
567,lolr-176-_JPG.rf.6ce90890fc1b05d0f5b58a2d3ddcef08 - Copy (3).jpg,2,2
568,lolr-176-_JPG.rf.6ce90890fc1b05d0f5b58a2d3ddcef08 - Copy.jpg,2,2
569,lolr-176-_JPG.rf.6ce90890fc1b05d0f5b58a2d3ddcef08.jpg,2,2
570,lolr-177-_JPG.rf.2289d1f3050711968f780a4d304a307b - Copy (2).jpg,2,2
571,lolr-177-_JPG.rf.2289d1f3050711968f780a4d304a307b - Copy (3).jpg,2,2
572,lolr-177-_JPG.rf.2289d1f3050711968f780a4d304a307b - Copy.jpg,2,2
573,lolr-177-_JPG.rf.2289d1f3050711968f780a4d304a307b.jpg,2,2
574,lolr-177-_JPG.rf.8fe8edac5d4b07012ff2145d17732daa - Copy (2).jpg,2,2
575,lolr-177-_JPG.rf.8fe8edac5d4b07012ff2145d17732daa - Copy (3).jpg,2,2
576,lolr-177-_JPG.rf.8fe8edac5d4b07012ff2145d17732daa - Copy.jpg,2,2
577,lolr-177-_JPG.rf.8fe8edac5d4b07012ff2145d17732daa.jpg,2,2
578,lolr-177-_JPG.rf.e18d21359754852b1f9d9069d788cb57 - Copy (2).jpg,2,2
579,lolr-177-_JPG.rf.e18d21359754852b1f9d9069d788cb57 - Copy (3).jpg,2,2
580,lolr-177-_JPG.rf.e18d21359754852b1f9d9069d788cb57 - Copy.jpg,2,2
581,lolr-177-_JPG.rf.e18d21359754852b1f9d9069d788cb57.jpg,2,2
582,lolr-178-_JPG.rf.1303d5c9fa2bc5eed42bdc343196b3bd - Copy (2).jpg,2,2
583,lolr-178-_JPG.rf.1303d5c9fa2bc5eed42bdc343196b3bd - Copy (3).jpg,2,2
584,lolr-178-_JPG.rf.1303d5c9fa2bc5eed42bdc343196b3bd - Copy.jpg,2,2
585,lolr-178-_JPG.rf.1303d5c9fa2bc5eed42bdc343196b3bd.jpg,2,2
586,lolr-178-_JPG.rf.93f7d4fb3ddea6c3b5b8681edbe343f8 - Copy (2).jpg,2,2
587,lolr-178-_JPG.rf.93f7d4fb3ddea6c3b5b8681edbe343f8 - Copy (3).jpg,2,2
588,lolr-178-_JPG.rf.93f7d4fb3ddea6c3b5b8681edbe343f8 - Copy.jpg,2,2
589,lolr-178-_JPG.rf.93f7d4fb3ddea6c3b5b8681edbe343f8.jpg,2,2
590,lolr-178-_JPG.rf.e0c5073edac00172cbcdeaa239a0dda4 - Copy (2).jpg,2,2
591,lolr-178-_JPG.rf.e0c5073edac00172cbcdeaa239a0dda4 - Copy (3).jpg,2,2
592,lolr-178-_JPG.rf.e0c5073edac00172cbcdeaa239a0dda4 - Copy.jpg,2,2
593,lolr-178-_JPG.rf.e0c5073edac00172cbcdeaa239a0dda4.jpg,2,2
594,lolr-179-_JPG.rf.7d0d7485c59e0f4669873682558a93d0 - Copy (2).jpg,2,2
595,lolr-179-_JPG.rf.7d0d7485c59e0f4669873682558a93d0 - Copy (3).jpg,2,2
596,lolr-179-_JPG.rf.7d0d7485c59e0f4669873682558a93d0 - Copy.jpg,2,2
597,lolr-179-_JPG.rf.7d0d7485c59e0f4669873682558a93d0.jpg,2,2
598,lolr-179-_JPG.rf.dcef729acbcfa2954119f993bde15ef8 - Copy (2).jpg,2,2
599,lolr-179-_JPG.rf.dcef729acbcfa2954119f993bde15ef8 - Copy (3).jpg,2,2
600,lolr-179-_JPG.rf.dcef729acbcfa2954119f993bde15ef8 - Copy.jpg,2,2
601,lolr-179-_JPG.rf.dcef729acbcfa2954119f993bde15ef8.jpg,2,2
602,lolr-179-_JPG.rf.f1991bffb4d63d2138e886ff376014f2 - Copy (2).jpg,2,2
603,lolr-179-_JPG.rf.f1991bffb4d63d2138e886ff376014f2 - Copy (3).jpg,2,2
604,lolr-179-_JPG.rf.f1991bffb4d63d2138e886ff376014f2 - Copy.jpg,2,2
605,lolr-179-_JPG.rf.f1991bffb4d63d2138e886ff376014f2.jpg,2,2
606,lolr-180-_JPG.rf.0d2d51cc2b7f5ccfd0482d4eeb213fb9 - Copy (2).jpg,2,2
607,lolr-180-_JPG.rf.0d2d51cc2b7f5ccfd0482d4eeb213fb9 - Copy (3).jpg,2,2
608,lolr-180-_JPG.rf.0d2d51cc2b7f5ccfd0482d4eeb213fb9 - Copy.jpg,2,2
609,lolr-180-_JPG.rf.0d2d51cc2b7f5ccfd0482d4eeb213fb9.jpg,2,2
610,lolr-180-_JPG.rf.f1283c3c3d01a89e09cd167764eb273d - Copy (2).jpg,2,2
611,lolr-180-_JPG.rf.f1283c3c3d01a89e09cd167764eb273d - Copy (3).jpg,2,2
612,lolr-180-_JPG.rf.f1283c3c3d01a89e09cd167764eb273d - Copy.jpg,2,2
613,lolr-180-_JPG.rf.f1283c3c3d01a89e09cd167764eb273d.jpg,2,2
614,lolr-180-_JPG.rf.f4d51dbd21ea4887b5fb0550444bba2f - Copy (2).jpg,2,2
615,lolr-180-_JPG.rf.f4d51dbd21ea4887b5fb0550444bba2f - Copy (3).jpg,2,2
616,lolr-180-_JPG.rf.f4d51dbd21ea4887b5fb0550444bba2f - Copy.jpg,2,2
617,lolr-180-_JPG.rf.f4d51dbd21ea4887b5fb0550444bba2f.jpg,2,2
618,lolr-181-_JPG.rf.6ec5775720eea7ac5f573604d0661376 - Copy (2).jpg,2,2
619,lolr-181-_JPG.rf.6ec5775720eea7ac5f573604d0661376 - Copy (3).jpg,2,2
620,lolr-181-_JPG.rf.6ec5775720eea7ac5f573604d0661376 - Copy.jpg,2,2
621,lolr-181-_JPG.rf.6ec5775720eea7ac5f573604d0661376.jpg,2,2
622,lolr-181-_JPG.rf.980cadb11a68d9faaa6c3837229caec1 - Copy (2).jpg,2,2
623,lolr-181-_JPG.rf.980cadb11a68d9faaa6c3837229caec1 - Copy (3).jpg,2,2
624,lolr-181-_JPG.rf.980cadb11a68d9faaa6c3837229caec1 - Copy.jpg,2,2
625,lolr-181-_JPG.rf.980cadb11a68d9faaa6c3837229caec1.jpg,2,2
626,lolr-181-_JPG.rf.9bc45f3802a9b52baea2bc066c2b9da6 - Copy (2).jpg,2,2
627,lolr-181-_JPG.rf.9bc45f3802a9b52baea2bc066c2b9da6 - Copy (3).jpg,2,2
628,lolr-181-_JPG.rf.9bc45f3802a9b52baea2bc066c2b9da6 - Copy.jpg,2,2
629,lolr-181-_JPG.rf.9bc45f3802a9b52baea2bc066c2b9da6.jpg,2,2
630,lolr-182-_JPG.rf.295ce52fbf68326f039a19e00cd85519 - Copy (2).jpg,2,2
631,lolr-182-_JPG.rf.295ce52fbf68326f039a19e00cd85519 - Copy (3).jpg,2,2
632,lolr-182-_JPG.rf.295ce52fbf68326f039a19e00cd85519 - Copy.jpg,2,2
633,lolr-182-_JPG.rf.295ce52fbf68326f039a19e00cd85519.jpg,2,2
634,lolr-182-_JPG.rf.da4905c9f0a5f833d05e2144bbb81c31 - Copy (2).jpg,2,2
635,lolr-182-_JPG.rf.da4905c9f0a5f833d05e2144bbb81c31 - Copy (3).jpg,2,2
636,lolr-182-_JPG.rf.da4905c9f0a5f833d05e2144bbb81c31 - Copy.jpg,2,2
637,lolr-182-_JPG.rf.da4905c9f0a5f833d05e2144bbb81c31.jpg,2,2
638,lolr-182-_JPG.rf.fe69696064f13cd4b039aacf7b42c8ff - Copy (2).jpg,2,2
639,lolr-182-_JPG.rf.fe69696064f13cd4b039aacf7b42c8ff - Copy (3).jpg,2,2
640,lolr-182-_JPG.rf.fe69696064f13cd4b039aacf7b42c8ff - Copy.jpg,2,2
641,lolr-182-_JPG.rf.fe69696064f13cd4b039aacf7b42c8ff.jpg,2,2
642,lolr-183-_JPG.rf.0a167df4649551e621dc9f6ce2ae53ee - Copy (2).jpg,2,2
643,lolr-183-_JPG.rf.0a167df4649551e621dc9f6ce2ae53ee - Copy (3).jpg,2,2
644,lolr-183-_JPG.rf.0a167df4649551e621dc9f6ce2ae53ee - Copy.jpg,2,2
645,lolr-183-_JPG.rf.0a167df4649551e621dc9f6ce2ae53ee.jpg,2,2
646,lolr-183-_JPG.rf.0a7dd1d7f78fbcddc8ab7550bda58ec5 - Copy (2).jpg,2,2
647,lolr-183-_JPG.rf.0a7dd1d7f78fbcddc8ab7550bda58ec5 - Copy (3).jpg,2,2
648,lolr-183-_JPG.rf.0a7dd1d7f78fbcddc8ab7550bda58ec5 - Copy.jpg,2,2
649,lolr-183-_JPG.rf.0a7dd1d7f78fbcddc8ab7550bda58ec5.jpg,2,2
650,lolr-183-_JPG.rf.f91b29c3c2a61117932ce370b19b21cb - Copy (2).jpg,2,2
651,lolr-183-_JPG.rf.f91b29c3c2a61117932ce370b19b21cb - Copy (3).jpg,2,2
652,lolr-183-_JPG.rf.f91b29c3c2a61117932ce370b19b21cb - Copy.jpg,2,2
653,lolr-183-_JPG.rf.f91b29c3c2a61117932ce370b19b21cb.jpg,2,2
654,lolr-184-_JPG.rf.134536de0abec406439f4f1fb329f4f8 - Copy (2).jpg,2,2
655,lolr-184-_JPG.rf.134536de0abec406439f4f1fb329f4f8 - Copy (3).jpg,2,2
656,lolr-184-_JPG.rf.134536de0abec406439f4f1fb329f4f8 - Copy.jpg,2,2
657,lolr-184-_JPG.rf.134536de0abec406439f4f1fb329f4f8.jpg,2,2
658,lolr-184-_JPG.rf.345b5bd1de56ed4a772a5cd2082345a8 - Copy (2).jpg,2,2
659,lolr-184-_JPG.rf.345b5bd1de56ed4a772a5cd2082345a8 - Copy (3).jpg,2,2
660,lolr-184-_JPG.rf.345b5bd1de56ed4a772a5cd2082345a8 - Copy.jpg,2,2
661,lolr-184-_JPG.rf.345b5bd1de56ed4a772a5cd2082345a8.jpg,2,2
662,lolr-184-_JPG.rf.6c9ab06f56c787f228ca9a9f72a303f1 - Copy (2).jpg,2,2
663,lolr-184-_JPG.rf.6c9ab06f56c787f228ca9a9f72a303f1 - Copy (3).jpg,2,2
664,lolr-184-_JPG.rf.6c9ab06f56c787f228ca9a9f72a303f1 - Copy.jpg,2,2
665,lolr-184-_JPG.rf.6c9ab06f56c787f228ca9a9f72a303f1.jpg,2,2
666,lolr-185-_JPG.rf.466cea604f8a664457b8c034c73860fb - Copy (2).jpg,2,2
667,lolr-185-_JPG.rf.466cea604f8a664457b8c034c73860fb - Copy (3).jpg,2,2
668,lolr-185-_JPG.rf.466cea604f8a664457b8c034c73860fb - Copy.jpg,2,2
669,lolr-185-_JPG.rf.466cea604f8a664457b8c034c73860fb.jpg,2,2
670,lolr-185-_JPG.rf.5251613c912ae76e70dc342fe46f8991 - Copy (2).jpg,2,2
671,lolr-185-_JPG.rf.5251613c912ae76e70dc342fe46f8991 - Copy (3).jpg,2,2
672,lolr-185-_JPG.rf.5251613c912ae76e70dc342fe46f8991 - Copy.jpg,2,2
673,lolr-185-_JPG.rf.5251613c912ae76e70dc342fe46f8991.jpg,2,2
674,lolr-185-_JPG.rf.fa1cf6495b5849f6881107e54a173db4 - Copy (2).jpg,2,2
675,lolr-185-_JPG.rf.fa1cf6495b5849f6881107e54a173db4 - Copy (3).jpg,2,2
676,lolr-185-_JPG.rf.fa1cf6495b5849f6881107e54a173db4 - Copy.jpg,2,2
677,lolr-185-_JPG.rf.fa1cf6495b5849f6881107e54a173db4.jpg,2,2
678,lolr-186-_JPG.rf.4ea904485b74dfe6849f8322f2f01650 - Copy (2).jpg,2,2
679,lolr-186-_JPG.rf.4ea904485b74dfe6849f8322f2f01650 - Copy (3).jpg,2,2
680,lolr-186-_JPG.rf.4ea904485b74dfe6849f8322f2f01650 - Copy.jpg,2,2
681,lolr-186-_JPG.rf.4ea904485b74dfe6849f8322f2f01650.jpg,2,2
682,lolr-186-_JPG.rf.7c92a8b37a7a459daf6a1d7b3113bdfb - Copy (2).jpg,2,2
683,lolr-186-_JPG.rf.7c92a8b37a7a459daf6a1d7b3113bdfb - Copy (3).jpg,2,2
684,lolr-186-_JPG.rf.7c92a8b37a7a459daf6a1d7b3113bdfb - Copy.jpg,2,2
685,lolr-186-_JPG.rf.7c92a8b37a7a459daf6a1d7b3113bdfb.jpg,2,2
686,lolr-186-_JPG.rf.86f2ea1ea5c0cf421a42e04c49f795d5 - Copy (2).jpg,2,2
687,lolr-186-_JPG.rf.86f2ea1ea5c0cf421a42e04c49f795d5 - Copy (3).jpg,2,2
688,lolr-186-_JPG.rf.86f2ea1ea5c0cf421a42e04c49f795d5 - Copy.jpg,2,2
689,lolr-186-_JPG.rf.86f2ea1ea5c0cf421a42e04c49f795d5.jpg,2,2
690,lolr-187-_JPG.rf.4855d5eabc443cf02b9a354900b42225 - Copy (2).jpg,2,2
691,lolr-187-_JPG.rf.4855d5eabc443cf02b9a354900b42225 - Copy (3).jpg,2,2
692,lolr-187-_JPG.rf.4855d5eabc443cf02b9a354900b42225 - Copy.jpg,2,2
693,lolr-187-_JPG.rf.4855d5eabc443cf02b9a354900b42225.jpg,2,2
694,lolr-187-_JPG.rf.4a052bbce13d44ec7a1a7a7a3e0c699e - Copy (2).jpg,2,2
695,lolr-187-_JPG.rf.4a052bbce13d44ec7a1a7a7a3e0c699e - Copy (3).jpg,2,2
696,lolr-187-_JPG.rf.4a052bbce13d44ec7a1a7a7a3e0c699e - Copy.jpg,2,2
697,lolr-187-_JPG.rf.4a052bbce13d44ec7a1a7a7a3e0c699e.jpg,2,2
698,lolr-187-_JPG.rf.e6d934571fd107657cb315f7f702d53a - Copy (2).jpg,2,2
699,lolr-187-_JPG.rf.e6d934571fd107657cb315f7f702d53a - Copy (3).jpg,2,2
700,lolr-187-_JPG.rf.e6d934571fd107657cb315f7f702d53a - Copy.jpg,2,2
701,lolr-187-_JPG.rf.e6d934571fd107657cb315f7f702d53a.jpg,2,2
